Title;Price;Rate;Date
Christian Shirts for Women Praise The Lord God Bible Verse Tshirts Jesus Faith Religious T Shirt Inspirational Tees;14.99;4.8 out of 5 stars;2025-08-25
Christian Shirts for Women Praise The Lord God Bible Verse Tshirts Jesus Faith Religious T Shirt Inspirational Tees;14.99;4.8 out of 5 stars;2025-08-25
Title;Price;Rate;Date
Christian Shirts for Women Praise The Lord God Bible Verse Tshirts Jesus Faith Religious T Shirt Inspirational Tees;14.99;4.8 out of 5 stars;2025-08-25
Christian Shirts for Women Praise The Lord God Bible Verse Tshirts Jesus Faith Religious T Shirt Inspirational Tees;14.99;4.8 out of 5 stars;2025-08-25
Title;Price;Rate;Date
Christian Shirts for Women Praise The Lord God Bible Verse Tshirts Jesus Faith Religious T Shirt Inspirational Tees;14.99;4.8 out of 5 stars;2025-08-25
Christian Shirts for Women Praise The Lord God Bible Verse Tshirts Jesus Faith Religious T Shirt Inspirational Tees;14.99;4.8 out of 5 stars;2025-08-25
Title;Price;Rate;Date
Christian Shirts for Women Praise The Lord God Bible Verse Tshirts Jesus Faith Religious T Shirt Inspirational Tees;14.99;4.8 out of 5 stars;2025-08-25
Christian Shirts for Women Praise The Lord God Bible Verse Tshirts Jesus Faith Religious T Shirt Inspirational Tees;14.99;4.8 out of 5 stars;2025-08-25
Title;Price;Rate;Date
Christian Shirts for Women Praise The Lord God Bible Verse Tshirts Jesus Faith Religious T Shirt Inspirational Tees;14.99;4.8 out of 5 stars;2025-08-26
Christian Shirts for Women Praise The Lord God Bible Verse Tshirts Jesus Faith Religious T Shirt Inspirational Tees;14.99;4.8 out of 5 stars;2025-08-26
